{
  "popular_favorites" : [
      {
        "title" : "Chase",
        "url" : "http://chase.com",
        "bgImg" : "/newtab/images/chase.jpg"
      },
      {
        "title" : "NBA",
        "url" : "http://nba.com",
        "bgImg" : "/newtab/images/nba.png"
      },
      {
        "title" : "NFL",
        "url" : "http://nfl.com",
        "bgImg" : "/newtab/images/nfl.jpg"
      },
      {
        "title" : "MLB",
        "url" : "http://mlb.com",
        "bgImg" : "/newtab/images/mlb.gif"
      },
      {
        "title" : "ESPN",
        "url" : "http://espn.com",
        "bgImg" : "/newtab/images/espn.png"
      },
      {
        "title" : "Twitch",
        "url" : "http://twitch.tv",
        "bgImg" : "/newtab/images/twitch.png"
      },
      {
        "title" : "Wells Fargo",
        "url" : "http://wellsfargo.com",
        "bgImg" : "/newtab/images/wf.jpg"
      },
      {
        "title" : "Trello",
        "url" : "http://trello.com",
        "bgImg" : "/newtab/images/trello.jpg"
      },
      {
        "title" : "Github",
        "url" : "http://github.com",
        "bgImg" : "/newtab/images/github.jpg"
      },
      {
        "title" : "Tumblr",
        "url" : "http://tumblr.com",
        "bgImg" : "/newtab/images/tumblr.png"
      },
      {
        "title" : "Google Drive",
        "url" : "http://drive.google.com",
        "bgImg" : "/newtab/images/drive.jpg"
      },
      {
        "title" : "Google Photos",
        "url" : "http://photos.google.com",
        "bgImg" : "/newtab/images/photos.png"
      },
      {
        "title" : "Polygon",
        "url" : "http://polygon.com",
        "bgImg" : "/newtab/images/polygon.jpg"
      }
  ]
}
